Path,Plant name,Volume,Dim_X,Dim_Y,Dim_Z,Cumul_Area,Font_Area_Ratio,Left_Area_Ratio,Top_Area_Ratio,Code_Error,Model issue,Cause
D:\Clement\3D_Digitalisation\2025-05-19_Harvest_Thlapsi_arvense_Brassica_rapa\02_Metashape_BatchProc_withConfidence,Metashape_BR002_S38_20250613_1420.ply,0.00000,0.044,0.045,0.253,0.010,0.286,0.300,0.365,0,Bad green part,
D:\Clement\3D_Digitalisation\2025-05-19_Harvest_Thlapsi_arvense_Brassica_rapa\02_Metashape_BatchProc_withConfidence,Metashape_BR003_S30_20250613_1430.ply,0.00002,0.212,0.249,0.389,0.033,0.120,0.098,0.142,0,,
D:\Clement\3D_Digitalisation\2025-05-19_Harvest_Thlapsi_arvense_Brassica_rapa\02_Metashape_BatchProc_withConfidence,Metashape_BR005_S38_20250613_1439.ply,0.00007,0.165,0.157,0.353,0.037,0.192,0.192,0.227,0,,
D:\Clement\3D_Digitalisation\2025-05-19_Harvest_Thlapsi_arvense_Brassica_rapa\02_Metashape_BatchProc_withConfidence,Metashape_BR013_S26_20250613_1510.ply,0.00005,0.210,0.179,0.203,0.007,0.105,0.084,0.084,0,,
D:\Clement\3D_Digitalisation\2025-05-19_Harvest_Thlapsi_arvense_Brassica_rapa\02_Metashape_BatchProc_withConfidence,Metashape_BR013_S38_20250613_1520.ply,0.00002,0.074,0.046,0.142,0.005,0.152,0.231,0.300,0,Bad alignment,Upside down (very small plant)
D:\Clement\3D_Digitalisation\2025-05-19_Harvest_Thlapsi_arvense_Brassica_rapa\02_Metashape_BatchProc_withConfidence,Metashape_BR014_S26_20250613_1530.ply,0.00007,0.099,0.190,0.464,0.020,0.169,0.097,0.221,0,,
D:\Clement\3D_Digitalisation\2025-05-19_Harvest_Thlapsi_arvense_Brassica_rapa\02_Metashape_BatchProc_withConfidence,Metashape_BR014_S30_20250613_1540.ply,0.00015,0.151,0.210,0.516,0.061,0.220,0.177,0.256,0,,
D:\Clement\3D_Digitalisation\2025-05-12_Harvest_Solanum_lycopersicum\02_Metashape_BatchProc_withConfidence,Metashape_SL004_S34_20250616_1145.ply,0.000,0.352,0.455,1.109,0.292,0.211,0.165,0.366,4,,
D:\Clement\3D_Digitalisation\2025-05-19_Harvest_Thlapsi_arvense_Brassica_rapa\02_Metashape_BatchProc_withConfidence,Metashape_BR015_S30_20250613_1553.ply,0.00005,0.108,0.114,0.535,0.030,0.181,0.161,0.271,0,,
D:\Clement\3D_Digitalisation\2025-05-19_Harvest_Thlapsi_arvense_Brassica_rapa\02_Metashape_BatchProc_withConfidence,Metashape_BR016_S38_20250613_1603.ply,0.00002,0.071,0.047,0.031,0.001,0.129,0.194,0.183,0,,
D:\Clement\3D_Digitalisation\2025-05-12_Harvest_Solanum_lycopersicum\02_Metashape_BatchProc_withConfidence,Metashape_SL006_S34_20250616_1219.ply,0.424,6.581,2.650,2.971,11.325,0.148,0.336,0.176,4,,
D:\Clement\3D_Digitalisation\2025-05-12_Harvest_Solanum_lycopersicum\02_Metashape_BatchProc_withConfidence,Metashape_SL006_S38_20250616_1232.ply,0.003,0.696,0.856,1.280,0.661,0.176,0.157,0.254,4,,
D:\Clement\3D_Digitalisation\2025-05-19_Harvest_Thlapsi_arvense_Brassica_rapa\02_Metashape_BatchProc_withConfidence,Metashape_BR017_S26_20250613_1614.ply,0.00009,0.173,0.233,0.714,0.062,0.187,0.131,0.257,0,,
D:\Clement\3D_Digitalisation\2025-05-12_Harvest_Solanum_lycopersicum\02_Metashape_BatchProc_withConfidence,Metashape_SL008_S30_20250616_1252.ply,0.012,1.207,1.122,2.849,1.411,0.128,0.132,0.281,4,,
D:\Clement\3D_Digitalisation\2025-05-19_Harvest_Thlapsi_arvense_Brassica_rapa\02_Metashape_BatchProc_withConfidence,Metashape_BR017_S34_20250613_1623.ply,0.00004,0.100,0.145,0.461,0.031,0.200,0.156,0.293,0,,
D:\Clement\3D_Digitalisation\2025-05-19_Harvest_Thlapsi_arvense_Brassica_rapa\02_Metashape_BatchProc_withConfidence,Metashape_BR019_S30_20250613_1641.ply,0.00010,0.273,0.143,0.213,0.028,0.157,0.207,0.209,0,,
D:\Clement\3D_Digitalisation\2025-05-19_Harvest_Thlapsi_arvense_Brassica_rapa\02_Metashape_BatchProc_withConfidence,Metashape_BR020_S26_20250613_1651.ply,0.00007,0.203,0.188,0.701,0.034,0.081,0.109,0.193,0,,
D:\Clement\3D_Digitalisation\2025-05-19_Harvest_Thlapsi_arvense_Brassica_rapa\02_Metashape_BatchProc_withConfidence,Metashape_BR020_S30_20250613_1700.ply,0.00024,0.268,0.200,0.480,0.051,0.115,0.126,0.329,0,Slight alignment issue,Wrong cup detection
D:\Clement\3D_Digitalisation\2025-05-12_Harvest_Solanum_lycopersicum\02_Metashape_BatchProc_withConfidence,Metashape_SL014_S30_20250616_1341.ply,0.466,3.865,6.693,9.313,19.966,0.162,0.099,0.213,2,,
D:\Clement\3D_Digitalisation\2025-05-12_Harvest_Solanum_lycopersicum\02_Metashape_BatchProc_withConfidence,Metashape_SL014_S38_20250616_1351.ply,0.001,0.403,0.476,0.792,0.296,0.240,0.170,0.323,4,,
D:\Clement\3D_Digitalisation\2025-05-12_Harvest_Solanum_lycopersicum\02_Metashape_BatchProc_withConfidence,Metashape_SL015_S30_20250616_1401.ply,0.336,6.042,1.953,2.259,7.087,0.148,0.306,0.169,5,,
D:\Clement\3D_Digitalisation\2025-05-12_Harvest_Solanum_lycopersicum\02_Metashape_BatchProc_withConfidence,Metashape_SL016_S30_20250616_1412.ply,0.001,1.226,0.432,0.476,0.347,0.173,0.339,0.182,4,,
D:\Clement\3D_Digitalisation\2025-05-19_Harvest_Thlapsi_arvense_Brassica_rapa\02_Metashape_BatchProc_withConfidence,Metashape_BR021_S34_20250613_1711.ply,0.00008,0.140,0.244,0.367,0.034,0.192,0.128,0.226,0,,
D:\Clement\3D_Digitalisation\2025-05-12_Harvest_Solanum_lycopersicum\02_Metashape_BatchProc_withConfidence,Metashape_SL018_S22_20250616_1432.ply,12.055,15.092,6.073,5.974,60.094,0.162,0.300,0.167,5,,
D:\Clement\3D_Digitalisation\2025-05-19_Harvest_Thlapsi_arvense_Brassica_rapa\02_Metashape_BatchProc_withConfidence,Metashape_BR023_S34_20250613_1724.ply,0.00004,0.132,0.118,0.517,0.038,0.175,0.207,0.310,0,,
D:\Clement\3D_Digitalisation\2025-05-19_Harvest_Thlapsi_arvense_Brassica_rapa\02_Metashape_BatchProc_withConfidence,Metashape_BR026_S34_20250613_1735.ply,0.00006,0.061,0.223,0.535,0.022,0.198,0.069,0.219,0,,
D:\Clement\3D_Digitalisation\2025-05-12_Harvest_Solanum_lycopersicum\02_Metashape_BatchProc_withConfidence,Metashape_SL020_S22_20250616_1504.ply,0.127,6.562,2.886,3.591,11.197,0.126,0.204,0.134,4,,
D:\Clement\3D_Digitalisation\2025-05-19_Harvest_Thlapsi_arvense_Brassica_rapa\02_Metashape_BatchProc_withConfidence,Metashape_BR028_S34_20250613_1745.ply,0.00009,0.164,0.122,0.397,0.034,0.165,0.208,0.241,0,,
D:\Clement\3D_Digitalisation\2025-05-12_Harvest_Solanum_lycopersicum\02_Metashape_BatchProc_withConfidence,Metashape_SL021_S22_20250616_1525.ply,0.036,2.851,1.410,2.429,3.063,0.131,0.189,0.199,4,,
D:\Clement\3D_Digitalisation\2025-05-12_Harvest_Solanum_lycopersicum\02_Metashape_BatchProc_withConfidence,Metashape_SL021_S26_20250616_1535.ply,0.000,0.701,0.657,1.483,0.667,0.183,0.167,0.270,4,,
D:\Clement\3D_Digitalisation\2025-05-12_Harvest_Solanum_lycopersicum\02_Metashape_BatchProc_withConfidence,Metashape_SL021_S30_20250616_1545.ply,0.146,4.020,1.645,1.339,2.730,0.140,0.315,0.126,2,,
D:\Clement\3D_Digitalisation\2025-05-19_Harvest_Thlapsi_arvense_Brassica_rapa\02_Metashape_BatchProc_withConfidence,Metashape_BR029_S38_20250613_1756.ply,0.00005,0.175,0.162,0.341,0.029,0.158,0.166,0.219,0,,
D:\Clement\3D_Digitalisation\2025-05-12_Harvest_Solanum_lycopersicum\02_Metashape_BatchProc_withConfidence,Metashape_SL022_S22_20250616_1608.ply,1.010,1.041,1.360,2.027,2.586,0.334,0.267,0.511,4,,
D:\Clement\3D_Digitalisation\2025-05-12_Harvest_Solanum_lycopersicum\02_Metashape_BatchProc_withConfidence,Metashape_SL022_S30_20250616_1617.ply,0.188,3.087,2.288,1.436,3.312,0.194,0.232,0.166,4,,
D:\Clement\3D_Digitalisation\2025-05-12_Harvest_Solanum_lycopersicum\02_Metashape_BatchProc_withConfidence,Metashape_SL023_S22_20250708_1456.ply,0.000,0.218,0.223,0.699,0.097,0.191,0.189,0.361,4,,
D:\Clement\3D_Digitalisation\2025-05-19_Harvest_Thlapsi_arvense_Brassica_rapa\02_Metashape_BatchProc_withConfidence,Metashape_BR030_S38_20250613_1808.ply,0.00005,0.156,0.091,0.167,0.010,0.116,0.208,0.185,0,Bad alignment,Upside down (very small plant)
D:\Clement\3D_Digitalisation\2025-05-20_Harvest_Room_22degC\02_Metashape_BatchProc_withConfidence,Metashape_HS001_S22_20250613_1150.ply,0.00007,0.336,0.414,0.343,0.050,0.154,0.137,0.119,0,,
D:\Clement\3D_Digitalisation\2025-05-12_Harvest_Solanum_lycopersicum\02_Metashape_BatchProc_withConfidence,Metashape_SL025_S22_20250616_1711.ply,0.000,0.469,0.657,1.295,0.320,0.146,0.111,0.208,4,,
D:\Clement\3D_Digitalisation\2025-05-12_Harvest_Solanum_lycopersicum\02_Metashape_BatchProc_withConfidence,Metashape_SL025_S30_20250616_1723.ply,0.015,0.968,0.935,2.214,1.178,0.159,0.185,0.302,4,,
D:\Clement\3D_Digitalisation\2025-05-21_Harvest_Hordeum_spontaneum\02_Metashape_BatchProc_withConfidence,Metashape_HS001_S30_20250613_0938.ply,0.00026,0.244,0.440,0.374,0.051,0.155,0.108,0.208,0,,
D:\Clement\3D_Digitalisation\2025-05-21_Harvest_Hordeum_spontaneum\02_Metashape_BatchProc_withConfidence,Metashape_HS001_S34_20250613_0946.ply,0.00011,0.245,0.221,0.381,0.041,0.152,0.159,0.123,0,,
D:\Clement\3D_Digitalisation\2025-05-21_Harvest_Hordeum_spontaneum\02_Metashape_BatchProc_withConfidence,Metashape_HS002_S30_20250613_0955.ply,0.00006,0.423,0.261,0.490,0.045,0.082,0.121,0.101,0,,
D:\Clement\3D_Digitalisation\2025-05-12_Harvest_Solanum_lycopersicum\02_Metashape_BatchProc_withConfidence,Metashape_SL029_S22_20250616_1813.ply,0.001,0.789,0.291,0.311,0.110,0.134,0.249,0.120,5,,
D:\Clement\3D_Digitalisation\2025-05-21_Harvest_Hordeum_spontaneum\02_Metashape_BatchProc_withConfidence,Metashape_HS002_S34_20250613_1006.ply,0.00011,0.176,0.301,0.454,0.040,0.176,0.116,0.131,0,,
D:\Clement\3D_Digitalisation\2025-05-12_Harvest_Solanum_lycopersicum\02_Metashape_BatchProc_withConfidence,Metashape_SL030_S22_20250708_1444.ply,0.571,7.196,4.060,3.360,16.736,0.176,0.251,0.147,4,,
D:\Clement\3D_Digitalisation\2025-05-21_Harvest_Hordeum_spontaneum\02_Metashape_BatchProc_withConfidence,Metashape_HS002_S38_20250613_1015.ply,0.00004,0.161,0.249,0.363,0.017,0.103,0.073,0.078,0,Slight alignment issue,Wrong cup detection
D:\Clement\3D_Digitalisation\2025-05-20_Harvest_Room_22degC\02_Metashape_BatchProc_withConfidence,Metashape_HS003_S22_20250613_1158.ply,0.00005,0.329,0.430,0.369,0.060,0.154,0.143,0.149,0,Slight alignment issue,Wrong cup detection
D:\Clement\3D_Digitalisation\2025-05-21_Harvest_Hordeum_spontaneum\02_Metashape_BatchProc_withConfidence,Metashape_HS003_S34_20250613_1023.ply,0.00010,0.303,0.455,0.377,0.057,0.147,0.125,0.107,0,,
D:\Clement\3D_Digitalisation\2025-05-21_Harvest_Hordeum_spontaneum\02_Metashape_BatchProc_withConfidence,Metashape_HS003_S38_20250613_1030.ply,0.00001,0.082,0.041,0.360,0.007,0.093,0.172,0.104,0,,
D:\Clement\3D_Digitalisation\2025-05-21_Harvest_Hordeum_spontaneum\02_Metashape_BatchProc_withConfidence,Metashape_HS004_S34_20250613_1041.ply,0.00002,0.209,0.067,0.232,0.013,0.085,0.220,0.149,0,,
D:\Clement\3D_Digitalisation\2025-05-20_Harvest_Room_22degC\02_Metashape_BatchProc_withConfidence,Metashape_HS007_S22_20250613_1210.ply,0.00060,0.321,0.314,0.826,0.073,0.079,0.109,0.151,0,Slight alignment issue,Wrong cup detection
D:\Clement\3D_Digitalisation\2025-05-12_Harvest_Solanum_lycopersicum\02_Metashape_BatchProc_withConfidence,Metashape_HS007_S22_20250616_1022.ply,0.00030,0.132,0.079,0.985,0.081,0.235,0.262,0.386,0,,
D:\Clement\3D_Digitalisation\2025-05-21_Harvest_Hordeum_spontaneum\02_Metashape_BatchProc_withConfidence,Metashape_HS007_S30_20250613_1048.ply,0.00067,0.289,0.306,0.649,0.064,0.136,0.115,0.212,0,,
D:\Clement\3D_Digitalisation\2025-05-20_Harvest_Room_22degC\02_Metashape_BatchProc_withConfidence,Metashape_HS008_S22_20250613_1217.ply,0.00197,0.216,0.260,1.096,0.188,0.241,0.207,0.370,0,,
D:\Clement\3D_Digitalisation\2025-05-21_Harvest_Hordeum_spontaneum\02_Metashape_BatchProc_withConfidence,Metashape_HS008_S38_20250613_1056.ply,0.00006,0.180,0.298,0.481,0.025,0.091,0.083,0.081,0,Bad alignment,Wrong cup detection
D:\Clement\3D_Digitalisation\2025-05-20_Harvest_Room_22degC\02_Metashape_BatchProc_withConfidence,Metashape_HS009_S22_20250613_1224.ply,0.00052,0.349,0.334,0.945,0.049,0.067,0.069,0.129,0,Slight alignment issue,Wrong cup detection
D:\Clement\3D_Digitalisation\2025-05-13_Harvest_Nicotina_benthamiana\02_Metashape_BatchProc_withConfidence,Metashape_NB011_S26_20250612_2249.ply,0.001,0.332,0.352,0.634,0.267,0.255,0.220,0.561,4,,
D:\Clement\3D_Digitalisation\2025-05-21_Harvest_Hordeum_spontaneum\02_Metashape_BatchProc_withConfidence,Metashape_HS009_S38_20250613_1112.ply,0.00007,0.253,0.372,0.778,0.050,0.082,0.088,0.123,0,,
D:\Clement\3D_Digitalisation\2025-05-21_Harvest_Hordeum_spontaneum\02_Metashape_BatchProc_withConfidence,Metashape_HS010_S30_20250613_1121.ply,0.00013,0.315,0.187,0.775,0.053,0.080,0.119,0.195,0,Slight alignment issue,
D:\Clement\3D_Digitalisation\2025-05-21_Harvest_Hordeum_spontaneum\02_Metashape_BatchProc_withConfidence,Metashape_HS010_S34_20250613_1132.ply,0.00096,0.322,0.447,0.878,0.188,0.229,0.158,0.303,0,Slight alignment issue,
D:\Clement\3D_Digitalisation\2025-05-21_Harvest_Hordeum_spontaneum\02_Metashape_BatchProc_withConfidence,Metashape_HS010_S38_20250613_1141.ply,0.00002,0.061,0.123,0.492,0.023,0.204,0.141,0.204,0,,
D:\Clement\3D_Digitalisation\2025-05-13_Harvest_Nicotina_benthamiana\02_Metashape_BatchProc_withConfidence,Metashape_NB004_S30_20250612_2048.ply,0.00118,0.385,0.461,0.741,0.355,0.237,0.205,0.375,0,,
D:\Clement\3D_Digitalisation\2025-05-13_Harvest_Nicotina_benthamiana\02_Metashape_BatchProc_withConfidence,Metashape_NB005_S26_20250612_2100.ply,0.00211,0.329,0.305,0.710,0.198,0.187,0.212,0.522,0,,
D:\Clement\3D_Digitalisation\2025-05-13_Harvest_Nicotina_benthamiana\02_Metashape_BatchProc_withConfidence,Metashape_NB005_S30_20250612_2110.ply,0.00214,0.452,0.416,0.733,0.432,0.239,0.268,0.422,0,,
D:\Clement\3D_Digitalisation\2025-05-13_Harvest_Nicotina_benthamiana\02_Metashape_BatchProc_withConfidence,Metashape_NB005_S34_20250612_2121.ply,0.00160,0.374,0.295,0.700,0.292,0.251,0.313,0.525,0,,
D:\Clement\3D_Digitalisation\2025-05-13_Harvest_Nicotina_benthamiana\02_Metashape_BatchProc_withConfidence,Metashape_NB006_S26_20250612_2132.ply,0.00133,0.324,0.290,0.711,0.227,0.213,0.213,0.547,0,,
D:\Clement\3D_Digitalisation\2025-05-13_Harvest_Nicotina_benthamiana\02_Metashape_BatchProc_withConfidence,Metashape_NB006_S30_20250612_2143.ply,0.00269,0.396,0.358,0.565,0.360,0.290,0.365,0.489,0,,
D:\Clement\3D_Digitalisation\2025-05-13_Harvest_Nicotina_benthamiana\02_Metashape_BatchProc_withConfidence,Metashape_NB018_S26_20250613_0058.ply,0.002,0.370,0.335,0.775,0.272,0.221,0.210,0.499,4,,
D:\Clement\3D_Digitalisation\2025-05-13_Harvest_Nicotina_benthamiana\02_Metashape_BatchProc_withConfidence,Metashape_NB007_S26_20250612_2153.ply,0.00093,0.322,0.332,0.648,0.233,0.204,0.216,0.549,0,,
D:\Clement\3D_Digitalisation\2025-05-13_Harvest_Nicotina_benthamiana\02_Metashape_BatchProc_withConfidence,Metashape_NB007_S38_20250612_2204.ply,0.00178,0.348,0.328,0.619,0.301,0.255,0.267,0.562,0,,
D:\Clement\3D_Digitalisation\2025-05-13_Harvest_Nicotina_benthamiana\02_Metashape_BatchProc_withConfidence,Metashape_NB008_S34_20250612_2215.ply,0.00135,0.364,0.285,0.632,0.299,0.268,0.314,0.540,0,,
D:\Clement\3D_Digitalisation\2025-05-13_Harvest_Nicotina_benthamiana\02_Metashape_BatchProc_withConfidence,Metashape_NB010_S34_20250612_2226.ply,0.00210,0.319,0.369,0.669,0.335,0.285,0.260,0.537,0,,
D:\Clement\3D_Digitalisation\2025-05-13_Harvest_Nicotina_benthamiana\02_Metashape_BatchProc_withConfidence,Metashape_NB010_S38_20250612_2237.ply,0.00152,0.322,0.297,0.625,0.263,0.230,0.273,0.565,0,,
D:\Clement\3D_Digitalisation\2025-05-19_Harvest_Thlapsi_arvense_Brassica_rapa\02_Metashape_BatchProc_withConfidence,Metashape_BR007_S38_20250613_1449.ply,18.015,9.047,8.104,4.795,20.982,0.168,0.191,0.137,4,,
D:\Clement\3D_Digitalisation\2025-05-19_Harvest_Thlapsi_arvense_Brassica_rapa\02_Metashape_BatchProc_withConfidence,Metashape_BR008_S34_20250613_1459.ply,0.005,0.861,0.646,1.614,1.151,0.296,0.231,0.370,4,,
D:\Clement\3D_Digitalisation\2025-05-19_Harvest_Thlapsi_arvense_Brassica_rapa\02_Metashape_BatchProc_withConfidence,Metashape_BR009_S38_20250613_1501.ply,0.001,0.396,0.417,0.634,0.147,0.146,0.158,0.168,4,,
D:\Clement\3D_Digitalisation\2025-05-13_Harvest_Nicotina_benthamiana\02_Metashape_BatchProc_withConfidence,Metashape_NB011_S30_20250612_2301.ply,0.00169,0.474,0.406,0.824,0.456,0.229,0.267,0.423,0,,
D:\Clement\3D_Digitalisation\2025-05-13_Harvest_Nicotina_benthamiana\02_Metashape_BatchProc_withConfidence,Metashape_NB012_S30_20250612_2312.ply,0.00106,0.368,0.312,0.654,0.345,0.253,0.278,0.574,0,,
D:\Clement\3D_Digitalisation\2025-05-13_Harvest_Nicotina_benthamiana\02_Metashape_BatchProc_withConfidence,Metashape_NB012_S38_20250612_2328.ply,0.00110,0.363,0.317,0.625,0.266,0.246,0.268,0.453,0,,
D:\Clement\3D_Digitalisation\2025-05-13_Harvest_Nicotina_benthamiana\02_Metashape_BatchProc_withConfidence,Metashape_NB014_S34_20250612_2340.ply,0.00176,0.396,0.382,0.729,0.394,0.269,0.274,0.473,0,,
D:\Clement\3D_Digitalisation\2025-05-13_Harvest_Nicotina_benthamiana\02_Metashape_BatchProc_withConfidence,Metashape_NB015_S38_20250612_2349.ply,0.00194,0.360,0.338,0.585,0.328,0.268,0.261,0.583,0,,
D:\Clement\3D_Digitalisation\2025-05-13_Harvest_Nicotina_benthamiana\02_Metashape_BatchProc_withConfidence,Metashape_NB016_S26_20250613_0000.ply,0.00189,0.446,0.420,0.786,0.283,0.176,0.195,0.377,0,,
D:\Clement\3D_Digitalisation\2025-05-13_Harvest_Nicotina_benthamiana\02_Metashape_BatchProc_withConfidence,Metashape_NB016_S38_20250613_0012.ply,0.00135,0.328,0.345,0.634,0.276,0.256,0.241,0.509,0,,
D:\Clement\3D_Digitalisation\2025-05-13_Harvest_Nicotina_benthamiana\02_Metashape_BatchProc_withConfidence,Metashape_NB017_S30_20250613_0022.ply,0.00105,0.366,0.291,0.759,0.268,0.216,0.237,0.464,0,,
D:\Clement\3D_Digitalisation\2025-05-19_Harvest_Thlapsi_arvense_Brassica_rapa\02_Metashape_BatchProc_withConfidence,Metashape_BR017_S38_20250613_1634.ply,0.017,1.400,0.671,2.340,2.130,0.306,0.334,0.406,4,,
D:\Clement\3D_Digitalisation\2025-05-19_Harvest_Thlapsi_arvense_Brassica_rapa\02_Metashape_BatchProc_withConfidence,Metashape_BR019_S26_20250613_1636.ply,0.000,0.242,0.150,0.209,0.035,0.194,0.259,0.280,4,,
D:\Clement\3D_Digitalisation\2025-05-13_Harvest_Nicotina_benthamiana\02_Metashape_BatchProc_withConfidence,Metashape_NB017_S34_20250613_0035.ply,0.00122,0.356,0.318,0.681,0.295,0.235,0.274,0.476,0,,
D:\Clement\3D_Digitalisation\2025-05-13_Harvest_Nicotina_benthamiana\02_Metashape_BatchProc_withConfidence,Metashape_NB017_S38_20250613_0047.ply,0.00097,0.319,0.354,0.567,0.295,0.282,0.280,0.495,0,,
D:\Clement\3D_Digitalisation\2025-05-13_Harvest_Nicotina_benthamiana\02_Metashape_BatchProc_withConfidence,Metashape_NB018_S30_20250613_0110.ply,0.00185,0.381,0.395,0.681,0.318,0.233,0.223,0.450,0,,
D:\Clement\3D_Digitalisation\2025-05-13_Harvest_Nicotina_benthamiana\02_Metashape_BatchProc_withConfidence,Metashape_NB018_S34_20250613_0121.ply,0.00192,0.451,0.327,0.684,0.335,0.224,0.283,0.455,0,,
D:\Clement\3D_Digitalisation\2025-05-28_Harvest_Solanum_dulcamara\02_Metashape_BatchProc_withConfidence,Metashape_SD011_S34_20250612_1705.ply,0.00003,0.114,0.116,0.213,0.025,0.230,0.188,0.419,0,,
D:\Clement\3D_Digitalisation\2025-05-28_Harvest_Solanum_dulcamara\02_Metashape_BatchProc_withConfidence,Metashape_SD012_S30_20250612_1717.ply,0.00023,0.158,0.206,0.633,0.062,0.176,0.157,0.428,0,Slight alignment issue,Wrong cup detection
D:\Clement\3D_Digitalisation\2025-05-28_Harvest_Solanum_dulcamara\02_Metashape_BatchProc_withConfidence,Metashape_SD014_S22_20250612_1731.ply,0.00003,0.172,0.186,0.504,0.032,0.094,0.088,0.318,0,,
D:\Clement\3D_Digitalisation\2025-05-28_Harvest_Solanum_dulcamara\02_Metashape_BatchProc_withConfidence,Metashape_SD016_S34_20250612_1759.ply,0.00001,0.086,0.077,0.050,0.005,0.166,0.203,0.243,0,Slight alignment issue,
D:\Clement\3D_Digitalisation\2025-05-28_Harvest_Solanum_dulcamara\02_Metashape_BatchProc_withConfidence,Metashape_SD017_S34_20250612_1808.ply,0.00006,0.259,0.403,0.879,0.091,0.137,0.094,0.315,0,Bad alignment,
D:\Clement\3D_Digitalisation\2025-05-28_Harvest_Solanum_dulcamara\02_Metashape_BatchProc_withConfidence,Metashape_SD018_S34_20250612_1820.ply,0.00005,0.253,0.200,0.175,0.008,0.087,0.079,0.087,0,Slight alignment issue,
D:\Clement\3D_Digitalisation\2025-05-28_Harvest_Solanum_dulcamara\02_Metashape_BatchProc_withConfidence,Metashape_SD019_S22_20250612_1829.ply,0.00002,0.227,0.111,0.188,0.012,0.080,0.125,0.183,0,,
D:\Clement\3D_Digitalisation\2025-05-28_Harvest_Solanum_dulcamara\02_Metashape_BatchProc_withConfidence,Metashape_SD019_S30_20250612_1837.ply,0.00042,0.347,0.306,0.767,0.159,0.183,0.179,0.296,0,Slight alignment issue,
D:\Clement\3D_Digitalisation\2025-05-28_Harvest_Solanum_dulcamara\02_Metashape_BatchProc_withConfidence,Metashape_SD021_S30_20250612_1853.ply,0.00047,0.381,0.299,0.819,0.116,0.105,0.156,0.285,0,Slight alignment issue,
D:\Clement\3D_Digitalisation\2025-05-19_Harvest_Thlapsi_arvense_Brassica_rapa\02_Metashape_BatchProc_withConfidence,Metashape_TA015_S38_20250613_1907.ply,0.000,0.271,0.375,1.257,0.130,0.151,0.111,0.267,4,,
D:\Clement\3D_Digitalisation\2025-05-28_Harvest_Solanum_dulcamara\02_Metashape_BatchProc_withConfidence,Metashape_SD021_S34_20250612_1903.ply,0.00001,0.088,0.098,0.125,0.009,0.160,0.145,0.335,0,,
D:\Clement\3D_Digitalisation\2025-05-28_Harvest_Solanum_dulcamara\02_Metashape_BatchProc_withConfidence,Metashape_SD024_S30_20250612_1912.ply,0.00263,0.511,0.227,1.292,0.187,0.102,0.195,0.385,0,,
D:\Clement\3D_Digitalisation\2025-05-19_Harvest_Thlapsi_arvense_Brassica_rapa\02_Metashape_BatchProc_withConfidence,Metashape_TA017_S26_20250613_1949.ply,0.000,0.709,0.384,0.303,0.128,0.171,0.163,0.123,4,,
D:\Clement\3D_Digitalisation\2025-05-19_Harvest_Thlapsi_arvense_Brassica_rapa\02_Metashape_BatchProc_withConfidence,Metashape_TA017_S30_20250613_2000.ply,0.000,0.172,0.195,0.463,0.054,0.204,0.170,0.507,4,,
D:\Clement\3D_Digitalisation\2025-05-12_Harvest_Solanum_lycopersicum\02_Metashape_BatchProc_withConfidence,Metashape_SL000_S38_20250616_1030.ply,0.00033,0.302,0.283,0.568,0.175,0.250,0.263,0.392,0,,
D:\Clement\3D_Digitalisation\2025-05-12_Harvest_Solanum_lycopersicum\02_Metashape_BatchProc_withConfidence,Metashape_SL001_S38_20250616_1040.ply,0.00043,0.303,0.300,0.468,0.179,0.305,0.290,0.397,0,,
D:\Clement\3D_Digitalisation\2025-05-12_Harvest_Solanum_lycopersicum\02_Metashape_BatchProc_withConfidence,Metashape_SL002_S34_20250616_1056.ply,0.00026,0.232,0.278,0.715,0.138,0.217,0.198,0.300,0,,
D:\Clement\3D_Digitalisation\2025-05-12_Harvest_Solanum_lycopersicum\02_Metashape_BatchProc_withConfidence,Metashape_SL002_S38_20250616_1108.ply,0.00010,0.238,0.262,0.452,0.090,0.190,0.165,0.327,0,,
D:\Clement\3D_Digitalisation\2025-05-12_Harvest_Solanum_lycopersicum\02_Metashape_BatchProc_withConfidence,Metashape_SL003_S34_20250616_1117.ply,0.00018,0.273,0.237,0.648,0.157,0.221,0.242,0.389,0,,
D:\Clement\3D_Digitalisation\2025-05-12_Harvest_Solanum_lycopersicum\02_Metashape_BatchProc_withConfidence,Metashape_SL003_S38_20250616_1128.ply,0.00013,0.259,0.260,0.571,0.111,0.186,0.184,0.360,0,,
D:\Clement\3D_Digitalisation\2025-05-12_Harvest_Solanum_lycopersicum\02_Metashape_BatchProc_withConfidence,Metashape_SL005_S34_20250616_1157.ply,0.00004,0.226,0.232,0.748,0.117,0.196,0.176,0.354,0,,
D:\Clement\3D_Digitalisation\2025-05-12_Harvest_Solanum_lycopersicum\02_Metashape_BatchProc_withConfidence,Metashape_SL005_S38_20250616_1209.ply,0.00080,0.237,0.318,0.598,0.150,0.285,0.218,0.346,0,,
D:\Clement\3D_Digitalisation\2025-05-12_Harvest_Solanum_lycopersicum\02_Metashape_BatchProc_withConfidence,Metashape_SL008_S26_20250616_1242.ply,0.00029,0.308,0.249,0.857,0.178,0.191,0.229,0.359,0,,
D:\Clement\3D_Digitalisation\2025-05-12_Harvest_Solanum_lycopersicum\02_Metashape_BatchProc_withConfidence,Metashape_SL008_S38_20250616_1301.ply,0.00024,0.291,0.324,0.543,0.098,0.156,0.149,0.220,0,,
D:\Clement\3D_Digitalisation\2025-05-12_Harvest_Solanum_lycopersicum\02_Metashape_BatchProc_withConfidence,Metashape_SL012_S30_20250616_1310.ply,0.00022,0.279,0.361,0.905,0.176,0.215,0.151,0.337,0,Slight alignment issue,
D:\Clement\3D_Digitalisation\2025-05-12_Harvest_Solanum_lycopersicum\02_Metashape_BatchProc_withConfidence,Metashape_SL013_S30_20250616_1318.ply,0.00010,0.398,0.290,0.961,0.198,0.134,0.170,0.423,0,,
D:\Clement\3D_Digitalisation\2025-05-19_Harvest_Thlapsi_arvense_Brassica_rapa\02_Metashape_BatchProc_withConfidence,Metashape_TA023_S38_20250613_2302.ply,0.002,0.256,0.523,0.377,0.149,0.295,0.264,0.308,4,,
D:\Clement\3D_Digitalisation\2025-05-19_Harvest_Thlapsi_arvense_Brassica_rapa\02_Metashape_BatchProc_withConfidence,Metashape_TA025_S34_20250613_2318.ply,0.176,2.509,1.881,1.074,2.020,0.174,0.192,0.247,4,,
D:\Clement\3D_Digitalisation\2025-05-19_Harvest_Thlapsi_arvense_Brassica_rapa\02_Metashape_BatchProc_withConfidence,Metashape_TA026_S38_20250613_2336.ply,0.311,2.117,1.371,1.691,2.675,0.236,0.310,0.404,4,,
D:\Clement\3D_Digitalisation\2025-05-12_Harvest_Solanum_lycopersicum\02_Metashape_BatchProc_withConfidence,Metashape_SL013_S38_20250616_1328.ply,0.00009,0.226,0.292,0.621,0.104,0.190,0.157,0.273,0,,
D:\Clement\3D_Digitalisation\2025-05-12_Harvest_Solanum_lycopersicum\02_Metashape_BatchProc_withConfidence,Metashape_SL017_S38_20250616_1423.ply,0.00030,0.245,0.284,0.426,0.082,0.196,0.187,0.258,0,,
D:\Clement\3D_Digitalisation\2025-05-12_Harvest_Solanum_lycopersicum\02_Metashape_BatchProc_withConfidence,Metashape_SL019_S22_20250616_1442.ply,0.00170,0.303,0.369,0.877,0.171,0.171,0.140,0.283,0,,
D:\Clement\3D_Digitalisation\2025-05-12_Harvest_Solanum_lycopersicum\02_Metashape_BatchProc_withConfidence,Metashape_SL019_S34_20250616_1451.ply,0.00028,0.395,0.356,0.599,0.170,0.173,0.181,0.289,0,,
D:\Clement\3D_Digitalisation\2025-05-12_Harvest_Solanum_lycopersicum\02_Metashape_BatchProc_withConfidence,Metashape_SL020_S38_20250616_1513.ply,0.00032,0.347,0.344,0.518,0.158,0.187,0.223,0.325,0,Slight alignment issue,
D:\Clement\3D_Digitalisation\2025-05-20_Harvest_Room_22degC\02_Metashape_BatchProc_withConfidence,Metashape_HS010_S22_20250613_1231.ply,180645.221,119.741,119.895,75.492,12070.988,0.455,0.337,0.336,10,,
D:\Clement\3D_Digitalisation\2025-05-20_Harvest_Room_22degC\02_Metashape_BatchProc_withConfidence,Metashape_TA027_S22_20250613_1234.ply,0.000,0.237,0.135,0.981,0.045,0.073,0.129,0.245,4,,
D:\Clement\3D_Digitalisation\2025-05-12_Harvest_Solanum_lycopersicum\02_Metashape_BatchProc_withConfidence,Metashape_SL021_S34_20250616_1556.ply,0.00025,0.296,0.247,0.559,0.149,0.213,0.248,0.423,0,,
D:\Clement\3D_Digitalisation\2025-05-12_Harvest_Solanum_lycopersicum\02_Metashape_BatchProc_withConfidence,Metashape_SL023_S26_20250616_1649.ply,0.00042,0.285,0.238,0.799,0.142,0.170,0.193,0.330,0,,
D:\Clement\3D_Digitalisation\2025-05-12_Harvest_Solanum_lycopersicum\02_Metashape_BatchProc_withConfidence,Metashape_SL023_S30_20250616_1659.ply,0.00004,0.351,0.277,0.780,0.136,0.122,0.142,0.340,0,,
D:\Clement\3D_Digitalisation\2025-05-12_Harvest_Solanum_lycopersicum\02_Metashape_BatchProc_withConfidence,Metashape_SL026_S26_20250616_1737.ply,0.00004,0.203,0.292,0.766,0.122,0.216,0.157,0.296,0,,
D:\Clement\3D_Digitalisation\2025-05-12_Harvest_Solanum_lycopersicum\02_Metashape_BatchProc_withConfidence,Metashape_SL027_S26_20250616_1748.ply,0.00061,0.262,0.354,0.889,0.215,0.242,0.182,0.392,0,,
D:\Clement\3D_Digitalisation\2025-05-12_Harvest_Solanum_lycopersicum\02_Metashape_BatchProc_withConfidence,Metashape_SL028_S26_20250616_1802.ply,0.00007,0.322,0.323,0.717,0.134,0.149,0.157,0.218,0,,
D:\Clement\3D_Digitalisation\2025-05-12_Harvest_Solanum_lycopersicum\02_Metashape_BatchProc_withConfidence,Metashape_SL029_S26_20250616_1826.ply,0.00026,0.374,0.320,0.752,0.149,0.162,0.160,0.254,0,,
D:\Clement\3D_Digitalisation\2025-05-19_Harvest_Thlapsi_arvense_Brassica_rapa\02_Metashape_BatchProc_withConfidence,Metashape_TA013_S26_20250613_1820.ply,0.00005,0.104,0.089,0.607,0.024,0.144,0.158,0.323,0,,
D:\Clement\3D_Digitalisation\2025-05-19_Harvest_Thlapsi_arvense_Brassica_rapa\02_Metashape_BatchProc_withConfidence,Metashape_TA013_S38_20250613_1830.ply,0.00008,0.282,0.152,0.541,0.055,0.103,0.167,0.264,0,,
D:\Clement\3D_Digitalisation\2025-05-19_Harvest_Thlapsi_arvense_Brassica_rapa\02_Metashape_BatchProc_withConfidence,Metashape_TA013_S38_20250613_1843.ply,0.00008,0.157,0.188,0.596,0.050,0.153,0.150,0.259,0,,
D:\Clement\3D_Digitalisation\2025-05-19_Harvest_Thlapsi_arvense_Brassica_rapa\02_Metashape_BatchProc_withConfidence,Metashape_TA014_S30_20250613_1855.ply,0.00012,0.221,0.306,0.539,0.059,0.144,0.112,0.162,0,,
D:\Clement\3D_Digitalisation\2025-05-19_Harvest_Thlapsi_arvense_Brassica_rapa\02_Metashape_BatchProc_withConfidence,Metashape_TA016_S26_20250613_1922.ply,0.00004,0.126,0.060,0.682,0.036,0.166,0.269,0.497,0,,
D:\Clement\3D_Digitalisation\2025-05-21_Harvest_Hordeum_spontaneum\02_Metashape_BatchProc_withConfidence,Metashape_HS009_S34_20250613_1103.ply,0.003,0.296,0.362,0.819,0.286,0.289,0.339,0.360,4,,
D:\Clement\3D_Digitalisation\2025-05-19_Harvest_Thlapsi_arvense_Brassica_rapa\02_Metashape_BatchProc_withConfidence,Metashape_TA016_S30_20250613_1934.ply,0.00017,0.171,0.177,0.652,0.088,0.221,0.203,0.460,0,,
D:\Clement\3D_Digitalisation\2025-05-19_Harvest_Thlapsi_arvense_Brassica_rapa\02_Metashape_BatchProc_withConfidence,Metashape_TA017_S38_20250613_2005.ply,0.00002,0.133,0.220,0.080,0.016,0.306,0.254,0.187,0,,
D:\Clement\3D_Digitalisation\2025-05-19_Harvest_Thlapsi_arvense_Brassica_rapa\02_Metashape_BatchProc_withConfidence,Metashape_TA018_S34_20250613_2018.ply,0.00010,0.169,0.170,0.507,0.032,0.126,0.116,0.214,0,,
D:\Clement\3D_Digitalisation\2025-05-19_Harvest_Thlapsi_arvense_Brassica_rapa\02_Metashape_BatchProc_withConfidence,Metashape_TA018_S38_20250613_2033.ply,0.00005,0.204,0.234,0.142,0.017,0.157,0.129,0.117,0,,
D:\Clement\3D_Digitalisation\2025-05-19_Harvest_Thlapsi_arvense_Brassica_rapa\02_Metashape_BatchProc_withConfidence,Metashape_TA019_S26_20250613_2048.ply,0.00012,0.244,0.114,0.661,0.038,0.093,0.167,0.232,0,,
D:\Clement\3D_Digitalisation\2025-05-19_Harvest_Thlapsi_arvense_Brassica_rapa\02_Metashape_BatchProc_withConfidence,Metashape_TA019_S30_20250613_2101.ply,0.00024,0.214,0.364,0.604,0.120,0.249,0.138,0.275,0,,
D:\Clement\3D_Digitalisation\2025-05-28_Harvest_Solanum_dulcamara\02_Metashape_BatchProc_withConfidence,Metashape_SD013_S22_20250612_1725.ply,0.016,0.574,0.597,1.622,0.859,0.277,0.256,0.371,4,,
D:\Clement\3D_Digitalisation\2025-05-19_Harvest_Thlapsi_arvense_Brassica_rapa\02_Metashape_BatchProc_withConfidence,Metashape_TA019_S34_20250613_2115.ply,0.00006,0.207,0.140,0.526,0.042,0.118,0.158,0.237,0,Slight alignment issue,
D:\Clement\3D_Digitalisation\2025-05-28_Harvest_Solanum_dulcamara\02_Metashape_BatchProc_withConfidence,Metashape_SD014_S30_20250612_1740.ply,0.000,0.017,0.025,0.033,0.001,0.509,0.570,0.460,3,,
D:\Clement\3D_Digitalisation\2025-05-28_Harvest_Solanum_dulcamara\02_Metashape_BatchProc_withConfidence,Metashape_SD014_S34_20250612_1749.ply,0.000,0.265,0.256,0.242,0.064,0.172,0.181,0.327,4,,
D:\Clement\3D_Digitalisation\2025-05-19_Harvest_Thlapsi_arvense_Brassica_rapa\02_Metashape_BatchProc_withConfidence,Metashape_TA020_S30_20250613_2130.ply,0.00028,0.292,0.321,0.557,0.129,0.208,0.161,0.285,0,Slight alignment issue,
D:\Clement\3D_Digitalisation\2025-05-19_Harvest_Thlapsi_arvense_Brassica_rapa\02_Metashape_BatchProc_withConfidence,Metashape_TA020_S34_20250613_2145.ply,0.00024,0.192,0.131,0.627,0.103,0.253,0.305,0.457,0,,
D:\Clement\3D_Digitalisation\2025-05-28_Harvest_Solanum_dulcamara\02_Metashape_BatchProc_withConfidence,Metashape_SD018_S22_20250612_1816.ply,461.136,11.756,24.551,12.639,478.447,0.552,0.419,0.449,11,,
D:\Clement\3D_Digitalisation\2025-05-19_Harvest_Thlapsi_arvense_Brassica_rapa\02_Metashape_BatchProc_withConfidence,Metashape_TA021_S30_20250613_2200.ply,0.00019,0.154,0.161,0.687,0.088,0.223,0.233,0.415,0,,
D:\Clement\3D_Digitalisation\2025-05-19_Harvest_Thlapsi_arvense_Brassica_rapa\02_Metashape_BatchProc_withConfidence,Metashape_TA021_S38_20250613_2214.ply,0.00008,0.151,0.194,0.469,0.036,0.138,0.116,0.232,0,,
D:\Clement\3D_Digitalisation\2025-05-19_Harvest_Thlapsi_arvense_Brassica_rapa\02_Metashape_BatchProc_withConfidence,Metashape_TA022_S34_20250613_2228.ply,0.00024,0.170,0.170,0.501,0.058,0.169,0.170,0.435,0,,
D:\Clement\3D_Digitalisation\2025-05-28_Harvest_Solanum_dulcamara\02_Metashape_BatchProc_withConfidence,Metashape_SD021_S22_20250612_1844.ply,0.006,0.545,0.548,1.242,0.793,0.393,0.336,0.325,4,,
D:\Clement\3D_Digitalisation\2025-05-19_Harvest_Thlapsi_arvense_Brassica_rapa\02_Metashape_BatchProc_withConfidence,Metashape_TA023_S34_20250613_2244.ply,0.00021,0.189,0.273,0.465,0.084,0.243,0.183,0.276,0,,
D:\Clement\3D_Digitalisation\2025-05-20_Harvest_Room_22degC\02_Metashape_BatchProc_withConfidence,Metashape_TA028_S22_20250613_1244.ply,0.00065,0.379,0.365,0.693,0.125,0.149,0.153,0.179,0,,
D:\Clement\3D_Digitalisation\2025-05-20_Harvest_Room_22degC\02_Metashape_BatchProc_withConfidence,Metashape_TA030_S22_20250613_1253.ply,0.00011,0.254,0.258,0.566,0.048,0.114,0.109,0.203,0,Slight alignment issue,

